gene,process,SC35M_dNS1_12,SC35M_dNS1_24,SC35M_dNS1_48,SC35M_wt_12,SC35M_wt_24,SC35M_wt_48
AADAT,Amino Acid Metabolism,,,,,,
AARS2,Translation,-0.143573,0.0670034,-0.117173,-0.315734,-0.393398,0.217506
AASS,Amino Acid Metabolism,,,,,,
ABAT,Amino Acid Metabolism,,,,,,
ABCA12,Transmembrane Transport,,,,,,
ABCA9,Transmembrane Transport,,,,,,
ABCB10,Import & Sorting,,,,,,
ABCB6,Import & Sorting,,,,,,
ABCB7,Import & Sorting,-0.0779117,-0.265809,-0.535475,-0.264575,-0.403232,-0.52921
ABCB8,Import & Sorting,,,,,,
ABCD1,Metabolism of Lipids & Lipoproteins,,,,,,
ABCD2,Metabolism of Lipids & Lipoproteins,,,,,,
ABCD3,Metabolism of Lipids & Lipoproteins,,,,,,
ABCE1,Transmembrane Transport,,,,,,
ABCF2,Import & Sorting,,,,,,
ACAA2,Amino Acid Metabolism,-0.0684693,-0.193633,-0.159052,-0.126707,0.324658,0.127517
ACAA2,Fatty Acid Degradation,-0.0684693,-0.193633,-0.159052,-0.126707,0.324658,0.127517
ACAD9,Electron Transport Chain,0.0209195,-0.12559,-0.145268,-0.209015,0.0713768,-0.197755
ACAD9,Fatty Acid Degradation,0.0209195,-0.12559,-0.145268,-0.209015,0.0713768,-0.197755
ACADM,Fatty Acid Degradation,-0.0462367,-0.328384,-0.223606,0.0483609,0.523294,0.678392
ACADS,Fatty Acid Degradation,-0.0428501,-0.221989,-0.37819,-0.145771,-0.239173,-0.0395714
ACADSB,Fatty Acid Degradation,-0.00180261,-0.647967,-0.563784,0.165579,0.343004,-0.629532
ACADVL,Fatty Acid Degradation,-0.139932,-0.16919,0.214999,-0.46126,0.0360669,-0.0150557
ACAT1,Amino Acid Metabolism,,,,,,
ACAT1,Fatty Acid Degradation,,,,,,
ACAT2,Amino Acid Metabolism,,,,,,
ACAT2,Fatty Acid Degradation,,,,,,
ACN9,Electron Transport Chain,,,,,,
ACO2,TCA Cycle,-0.0455325,-0.224484,-0.325905,-0.203657,0.024216,0.437461
ACOT13,Fatty Acid Biosynthesis,,,,,,
ACOT9,Fatty Acid Metabolism,,,,,,
ACOX1,Fatty Acid Degradation,,,,,,
ACOX3,Fatty Acid Degradation,,,,,,
ACP6,Metabolism of Lipids & Lipoproteins,,,,,,
ACSBG2,Fatty Acid Degradation,1.58027,0.29623,0.65066,2.3301,1.30221,4.98741
ACSF2,Fatty Acid Biosynthesis,,,,,,
ACSF2,Fatty Acid Metabolism,,,,,,
ACSF3,Fatty Acid Metabolism,,,,,,
ACSL1,Fatty Acid Biosynthesis,0.696929,-0.53997,-0.0819491,0.28007,-0.083305,-1.90621
ACSL3,Fatty Acid Degradation,0.115822,0.707856,1.18657,-0.0770952,-0.1785,-0.549106
ACSL4,Fatty Acid Degradation,0.215895,0.906139,2.38297,-0.314248,-0.0970868,0.947331
ACSL5,Fatty Acid Biosynthesis,0.195104,0.865059,2.80334,-0.151582,0.0592584,1.62095
ACSL6,Fatty Acid Biosynthesis,-0.228912,0.0825779,0.913305,0.959922,3.23004,6.83482
ACSM2A,Fatty Acid Biosynthesis,0.0,0.0,0.0,0.0,0.0,0.0
ACSS1,Pyruvate Metabolism,0.0,0.0,0.0,0.0,0.0,0.0
ACSS3,Fatty Acid Metabolism,0.0,0.0,0.0,0.0,0.0,0.0
ADCK1,Electron Transport Chain,,,,,,
ADCK3,Electron Transport Chain,,,,,,
ADCK4,Electron Transport Chain,,,,,,
ADCK5,Electron Transport Chain,,,,,,
ADHFE1,Pyruvate Metabolism,,,,,,
ADO,Amino Acid Metabolism,,,,,,
ADSL,Nucleotide Metabolism,,,,,,
AFG3L2,Mitochondrial Dynamics,0.064391,-0.274272,-0.477348,-0.186304,-0.438417,-0.596709
AGK,Fatty Acid Metabolism,,,,,,
AGTPBP1,Mitochondrial Dynamics,,,,,,
AGXT,Amino Acid Metabolism,,,,,,
AGXT2,Amino Acid Metabolism,,,,,,
AGXT2L1,Amino Acid Metabolism,,,,,,
AGXT2L2,Amino Acid Metabolism,,,,,,
AIFM1,Apoptosis,-0.104802,0.0682636,-0.291999,-0.193602,-0.056784,-0.320558
AIFM3,Apoptosis,,,,,,
AK2,Apoptosis,,,,,,
AK3,Nucleotide Metabolism,0.00267704,0.112293,-0.179107,0.299198,0.792585,-0.110807
AK4,Nucleotide Metabolism,0.284979,-0.222005,-0.330298,0.160818,-0.0210462,-1.23877
AKAP1,Mitochondrial Signaling,,,,,,
AKAP10,Mitochondrial Signaling,,,,,,
AKR1B10,Fructose Metabolism,,,,,,
AKR1B15,Metabolism of Lipids & Lipoproteins,,,,,,
ALAS1,Heme Biosynthesis,-0.0820466,0.180801,0.695038,-0.134523,-0.0764045,0.199139
ALAS2,Heme Biosynthesis,0.990568,1.51609,-2.19388,2.10695,3.53735,4.32996
ALDH18A1,Amino Acid Metabolism,,,,,,
ALDH1B1,Fatty Acid Degradation,,,,,,
ALDH1L1,Folate & Pterine Metabolism,,,,,,
ALDH1L2,Folate & Pterine Metabolism,,,,,,
ALDH2,Fatty Acid Degradation,,,,,,
ALDH3A2,Fatty Acid Degradation,,,,,,
ALDH4A1,Amino Acid Metabolism,,,,,,
ALDH5A1,Amino Acid Metabolism,,,,,,
ALDH6A1,Amino Acid Metabolism,,,,,,
ALDH7A1,Pyruvate Metabolism,,,,,,
ALDOC,Glycolysis,0.0043491,-0.864089,0.135107,-0.213924,-0.693775,-0.169201
ALKBH1,Replication & Transcription,,,,,,
ALKBH7,Apoptosis,,,,,,
AMACR,Bile Acid Synthesis,,,,,,
APOA1BP,Mitochondrial Signaling,,,,,,
APOOL,Mitochondrial Dynamics,,,,,,
APOPT1,Apoptosis,0.0516313,-0.0596778,-0.431979,0.311219,1.21349,1.13585
ARG2,Nitrogen Metabolism,-0.10619,0.122035,0.940122,-0.111988,-0.448708,-0.51383
ASS1,Amino Acid Metabolism,0.123463,-0.230799,-1.55784,0.0334542,0.145203,-1.55166
ATAD1,Protein Stability & Degradation,,,,,,
ATAD3A,Replication & Transcription,0.150365,0.0208363,-0.342756,-0.0204343,0.406793,0.232574
ATAD3B,Replication & Transcription,0.0668561,0.454754,-0.208315,-0.167712,0.801957,0.521352
ATIC,Nucleotide Metabolism,,,,,,
ATP5A1,Electron Transport Chain,-0.103454,-0.0696718,-0.203908,-0.215769,0.0705518,-0.224825
ATP5B,Electron Transport Chain,-0.0198486,-0.0442542,-0.241051,-0.0435497,0.408618,0.289844
ATP5C1,Electron Transport Chain,0.129287,0.0593756,-0.114503,0.330337,0.97827,0.336559
ATP5D,Electron Transport Chain,-0.104787,-0.0887011,-0.393033,-0.0639513,0.807913,0.83605
ATP5E,Electron Transport Chain,-0.0921813,0.0370503,-0.126612,0.325049,1.80868,2.28337
ATP5F1,Electron Transport Chain,-0.0738445,-0.0835347,-0.637025,0.0226702,0.692673,0.0503101
ATP5G1,Electron Transport Chain,-0.0519285,-0.0504506,-0.39595,0.23618,1.52374,1.68501
ATP5G3,Electron Transport Chain,0.00017321,-0.0271698,-0.0623294,0.116994,0.973845,0.506749
ATP5H,Electron Transport Chain,0.00652263,-0.0401998,0.273536,0.166907,1.22546,1.04726
ATP5I,Electron Transport Chain,0.0306395,-0.0415418,-0.163363,0.253401,1.56532,1.95488
ATP5J,Electron Transport Chain,-0.0219544,-0.0502147,-0.215663,0.388548,1.67772,1.43709
ATP5J2,Electron Transport Chain,-0.0436755,0.0396666,-0.266996,0.311976,1.96288,1.93193
ATP5L,Electron Transport Chain,0.0510649,-0.00566523,-0.227934,0.295184,1.5878,1.82452
ATP5L2,Electron Transport Chain,,,,,,
ATP5O,Electron Transport Chain,0.0255974,-0.119133,0.561577,0.330202,1.00298,2.05469
ATP5S,Electron Transport Chain,,,,,,
ATP5SL,Electron Transport Chain,,,,,,
ATP6,Electron Transport Chain,,,,,,
ATP6V1E1,Electron Transport Chain,,,,,,
ATP8,Electron Transport Chain,,,,,,
ATPAF1,Electron Transport Chain,-0.171558,-0.150765,-0.258569,0.063702,1.01831,0.743308
ATPAF2,Electron Transport Chain,-0.0926585,-0.170509,0.153478,0.104876,0.00502487,0.348096
ATPIF1,Electron Transport Chain,-0.0424396,-0.229361,-0.0407445,0.332274,1.30812,0.950331
AUH,Amino Acid Metabolism,,,,,,
BAD,Apoptosis,0.254318,-0.211572,0.142771,0.308629,0.838033,1.0446
BCAT1,Amino Acid Metabolism,,,,,,
BCAT2,Amino Acid Metabolism,,,,,,
BCKDHA,Amino Acid Metabolism,0.158768,-0.308948,-0.698889,-0.02581,-0.076191,-0.484068
BCKDHB,Amino Acid Metabolism,-0.327886,-0.395554,-1.03621,0.509806,0.0541294,-1.04747
BCS1L,Electron Transport Chain,-0.12049,0.05856,-0.570406,-0.0688464,0.777206,0.301249
BDH1,Fatty Acid Metabolism,,,,,,
BNIP1,Apoptosis,,,,,,
BNIP3,Apoptosis,0.148006,-0.847621,-0.225452,0.0989243,-0.358386,-2.43214
BNIP3L,Apoptosis,0.00553848,-0.495295,0.0303751,-0.0913064,-0.569905,-2.04496
BOK,Apoptosis,,,,,,
BPHL,Translation,,,,,,
C10orf2,Replication & Transcription,-0.446414,0.35128,-0.644388,-0.387631,-0.0559739,0.404391
C15orf61,Amino Acid Metabolism,,,,,,
C19orf70,Mitochondrial Dynamics,,,,,,
C22orf32,Calcium Signaling & Transport,-0.0225907,-0.253831,-0.634417,0.447036,1.61341,1.52236
C2orf47,Electron Transport Chain,,,,,,
C5orf63,Fatty Acid Metabolism,,,,,,
C6orf57,Electron Transport Chain,,,,,,
C7orf55,Electron Transport Chain,,,,,,
CA5A,Nitrogen Metabolism,,,,,,
CARKD,Metabolism of Vitamins & Co-Factors,,,,,,
CARS2,Translation,-0.0976544,-0.180534,-1.12306,-0.139884,0.511523,0.303279
CASP2,Apoptosis,,,,,,
CASP8,Apoptosis,,,,,,
CAT,ROS Defense,,,,,,
CBR4,Fatty Acid Biosynthesis,,,,,,
CCBL2,Amino Acid Metabolism,,,,,,
CCDC58,Translation,,,,,,
CDS2,Metabolism of Lipids & Lipoproteins,,,,,,
CHAT,Fatty Acid Metabolism,,,,,,
CHCHD1,Translation,,,,,,
CHCHD10,Import & Sorting,,,,,,
CHCHD2,Import & Sorting,,,,,,
CHCHD3,Mitochondrial Dynamics,,,,,,
CHCHD4,Import & Sorting,-0.0616798,-0.142992,-0.402827,0.238566,0.271597,-0.0306136
CHCHD6,Mitochondrial Dynamics,,,,,,
CHCHD7,Import & Sorting,,,,,,
CISD1,Electron Transport Chain,,,,,,
CISD2,Electron Transport Chain,,,,,,
CISD3,Electron Transport Chain,,,,,,
CLIC4,Apoptosis,,,,,,
CLPP,Protein Stability & Degradation,-0.048275,0.0553231,0.1919,0.109682,0.829481,0.986628
CLPX,Heme Biosynthesis,0.0975201,0.0312347,-0.129519,0.0934781,-0.303025,0.311694
CMC1,Electron Transport Chain,,,,,,
COA3,Electron Transport Chain,,,,,,
COA6,Electron Transport Chain,,,,,,
COASY,Metabolism of Vitamins & Co-Factors,,,,,,
COQ10A,Electron Transport Chain,,,,,,
COQ10B,Electron Transport Chain,,,,,,
COQ2,Ubiquinone Biosynthesis,,,,,,
COQ3,Ubiquinone Biosynthesis,,,,,,
COQ4,Ubiquinone Biosynthesis,,,,,,
COQ5,Ubiquinone Biosynthesis,,,,,,
COQ6,Ubiquinone Biosynthesis,,,,,,
COQ7,Ubiquinone Biosynthesis,,,,,,
COQ9,Ubiquinone Biosynthesis,,,,,,
COX1,Electron Transport Chain,,,,,,
COX10,Electron Transport Chain,0.010012,-0.0220594,-0.220809,-0.0388399,-0.531903,-0.994383
COX11,Electron Transport Chain,0.00164696,-0.0827002,-0.327141,0.282474,0.503576,-0.00744013
COX14,Electron Transport Chain,-0.0260629,-0.104319,-0.138297,0.244213,1.10766,0.668748
COX15,Electron Transport Chain,-0.218894,-0.162075,-0.29855,-0.143909,0.146427,-0.0825705
COX16,Electron Transport Chain,,,,,,
COX17,Electron Transport Chain,0.013456,-0.0401398,0.210182,0.352691,1.58359,1.63657
COX18,Electron Transport Chain,-0.0463831,-0.0517689,-0.461599,0.0561838,-0.0191784,0.180885
COX2,Electron Transport Chain,,,,,,
COX20,Electron Transport Chain,0.0465145,-0.245333,-0.764207,0.419578,0.968327,0.433568
COX3,Electron Transport Chain,,,,,,
COX4I1,Electron Transport Chain,0.0750539,-0.0271107,-0.23066,0.322816,1.37778,1.36088
COX4I2,Electron Transport Chain,-0.730302,0.0,0.0,2.75565,0.0,0.0
COX5A,Electron Transport Chain,-0.0322851,-0.0783369,-0.119593,0.0719491,0.92528,0.628071
COX5B,Electron Transport Chain,0.0374162,-0.174582,-0.211656,0.299061,1.14825,0.923029
COX6A1,Electron Transport Chain,0.00185921,-0.116174,-0.223028,0.310082,1.43411,1.66642
COX6A2,Electron Transport Chain,0.0,0.0,0.0,0.0,0.0,0.0
COX6B1,Electron Transport Chain,-0.0227333,-0.0392388,-0.0642193,0.256659,1.50189,1.71054
COX6B2,Electron Transport Chain,0.0819617,0.274424,5.01278,-2.39611,6.69541,7.21717
COX6C,Electron Transport Chain,-0.019835,-0.101666,-0.246853,0.471554,1.75761,2.60907
COX7A1,Electron Transport Chain,-2.09194,0.365649,1.18409,-1.54689,3.14164,5.05746
COX7A2,Electron Transport Chain,0.128861,0.120166,0.0180009,0.359877,1.68705,1.88069
COX7A2L,Electron Transport Chain,,,,,,
COX7C,Electron Transport Chain,0.0217873,0.0435859,-0.45192,0.381959,1.99895,2.12271
COX8A,Electron Transport Chain,-0.109251,-0.0834852,0.00144606,0.218128,1.71846,2.02246
COX8C,Electron Transport Chain,,,,,,
CPOX,Heme Biosynthesis,-0.242564,-0.230108,-0.275556,-0.52801,-0.794648,-1.19114
CPS1,Nitrogen Metabolism,-0.200587,-0.234502,-0.534765,-0.343576,-0.884192,-1.85744
CPT1A,Fatty Acid Degradation,-0.0798357,-0.109291,-0.352483,-0.432818,-0.444978,-0.277019
CPT1B,Fatty Acid Degradation,0.10957,0.808353,0.642022,0.172581,0.0684204,-0.203015
CPT1C,Fatty Acid Degradation,-0.852976,0.0701286,0.682223,1.13445,2.30238,4.38705
CPT2,Fatty Acid Degradation,-0.31491,-0.326703,0.427992,-0.20187,-0.119026,0.154546
CRAT,Fatty Acid Metabolism,-1.12787,-0.72656,0.40777,-1.04377,1.45397,-1.65182
CRLS1,Cardiolipin Biosynthesis,-0.0705065,-0.0662373,-0.0894962,0.308149,0.279192,-0.150253
CS,TCA Cycle,-0.0114234,0.0555111,-0.416189,-0.137483,0.230591,0.328038
CTPS2,Nucleotide Metabolism,,,,,,
CTSB,Apoptosis,,,,,,
CTU1,Translation,,,,,,
CYB5A,Metabolism of Vitamins & Co-Factors,,,,,,
CYB5B,Metabolism of Vitamins & Co-Factors,,,,,,
CYC1,Electron Transport Chain,-0.0294959,-0.0788105,-0.141277,-0.143271,0.160653,-0.214727
CYCS,Electron Transport Chain,0.0930157,0.102894,-0.189902,0.398654,1.51836,1.17172
CYP11A1,Metabolism of Lipids & Lipoproteins,,,,,,
CYP11A1,Bile Acid Synthesis,,,,,,
CYP11B1,Metabolism of Lipids & Lipoproteins,,,,,,
CYP11B2,Metabolism of Lipids & Lipoproteins,,,,,,
CYP24A1,Metabolism of Vitamins & Co-Factors,,,,,,
CYP24A1,Bile Acid Synthesis,,,,,,
CYP27A1,Metabolism of Lipids & Lipoproteins,,,,,,
CYP27A1,Bile Acid Synthesis,,,,,,
CYP27B1,Bile Acid Synthesis,,,,,,
CYP27B1,Metabolism of Vitamins & Co-Factors,,,,,,
CYTB,Electron Transport Chain,,,,,,
Coa1,Electron Transport Chain,,,,,,
D2HGDH,Electron Transport Chain,,,,,,
DAP3,Translation,-0.0686261,-0.150873,-0.300806,0.020417,0.502503,1.49025
DARS2,Translation,-0.21082,-0.139571,-0.169349,-0.335867,0.108725,1.02981
DBT,Amino Acid Metabolism,,,,,,
DDAH1,Nitrogen Metabolism,,,,,,
DDX28,Translation,-0.185772,0.0849443,-0.085721,-0.423274,-0.732737,-0.800162
DHFRL1,Folate & Pterine Metabolism,,,,,,
DHODH,Nucleotide Metabolism,,,,,,
DHRS4,Metabolism of Vitamins & Co-Factors,,,,,,
DHTKD1,Amino Acid Metabolism,,,,,,
DHX29,Replication & Transcription,,,,,,
DHX29,Translation,,,,,,
DLAT,Pyruvate Metabolism,-0.0166907,-0.0954268,0.386619,0.0745945,0.163902,-0.325348
DLD,TCA Cycle,0.0608868,0.0449433,0.0110714,-0.116378,0.0019216,-0.126602
DLST,TCA Cycle,0.0792131,0.247386,0.416962,-0.115564,0.0612052,-0.137149
DMGDH,Metabolism of Lipids & Lipoproteins,,,,,,
DNA2,Replication & Transcription,,,,,,
DNAJA3,Apoptosis,,,,,,
DNAJC11,Mitochondrial Dynamics,,,,,,
DNAJC15,Import & Sorting,,,,,,
DNAJC19,Import & Sorting,-0.024871,0.0214248,-0.0966703,0.235392,0.435145,-0.186311
DNAJC30,Protein Stability & Degradation,,,,,,
DNLZ,Import & Sorting,,,,,,
DNM1L,Mitochondrial Dynamics,-0.0136391,0.230976,0.346545,-0.118236,-0.0464394,0.319775
DNM1L,Apoptosis,-0.0136391,0.230976,0.346545,-0.118236,-0.0464394,0.319775
DTYMK,Nucleotide Metabolism,,,,,,
DUT,Nucleotide Metabolism,,,,,,
DYNLL1,Apoptosis,0.0840344,0.167542,-0.034912,0.348085,1.12635,0.268608
EARS2,Translation,0.457213,0.544335,-0.230285,-0.165683,0.524868,0.214178
ECH1,Fatty Acid Degradation,,,,,,
ECHDC2,Amino Acid Metabolism,,,,,,
ECHDC2,Fatty Acid Degradation,,,,,,
ECHDC3,Fatty Acid Biosynthesis,,,,,,
ECHS1,Fatty Acid Elongation,-0.0561519,-0.136582,-0.365769,-0.207721,0.253369,0.422708
ECI1,Fatty Acid Degradation,,,,,,
ECSIT,Electron Transport Chain,-0.121399,0.0949455,-0.303565,-0.126816,0.715892,0.6559
EEFSEC,Translation,,,,,,
EFHD1,Calcium Signaling & Transport,,,,,,
ELAC2,Translation,-0.0047239,0.158177,0.0823534,-0.0984119,-0.0981006,-0.338605
ENDOG,Replication & Transcription,-0.0742971,-0.311876,-0.414919,-0.0257788,-0.208269,-0.811462
ERAL1,Translation,,,,,,
ETFA,Electron Transport Chain,,,,,,
ETFB,Electron Transport Chain,,,,,,
ETFDH,Electron Transport Chain,,,,,,
ETHE1,Amino Acid Metabolism,,,,,,
EXOG,Replication & Transcription,,,,,,
FAHD1,Amino Acid Metabolism,,,,,,
FAM162A,Apoptosis,,,,,,
FARS2,Translation,-0.164789,0.136622,-0.366658,-0.288638,-0.0992332,-0.0770487
FASN,Fatty Acid Biosynthesis,,,,,,
FASTK,Electron Transport Chain,,,,,,
FASTKD1,Electron Transport Chain,,,,,,
FASTKD3,Electron Transport Chain,,,,,,
FASTKD5,Translation,,,,,,
FDPS,Metabolism of Lipids & Lipoproteins,,,,,,
FDX1,Fe-S cluster biosynthesis,0.0560086,-0.223687,0.605612,0.488879,0.732171,0.200761
FDX1L,Fe-S cluster biosynthesis,-0.760172,0.533725,-1.05488,-0.524096,1.98153,2.38015
FDX2,Heme Biosynthesis,,,,,,
FDXR,Fe-S cluster biosynthesis,-0.445326,-0.275459,-0.161389,-0.41682,-0.345312,0.432066
FECH,Heme Biosynthesis,-0.122267,-0.363752,-0.59368,0.0179437,-0.0611161,-0.427178
FEN1,Replication & Transcription,,,,,,
FGR,Mitochondrial Signaling,,,,,,
FH,TCA Cycle,-0.0274269,-0.15006,-0.482974,-0.0567054,0.0907664,-0.255766
FIS1,Mitochondrial Dynamics,-0.0430883,-0.0325778,0.181816,0.1446,1.19663,1.27429
FKBP8,Apoptosis,,,,,,
FOXRED1,Electron Transport Chain,-0.105575,-0.197927,0.090951,-0.252903,0.381574,0.599177
FPGS,Folate & Pterine Metabolism,,,,,,
FTH1,Heme Biosynthesis,,,,,,
FTMT,Heme Biosynthesis,0.0,0.0,0.0,0.0,0.0,0.0
FTSJ2,Translation,,,,,,
FUNDC1,Mitochondrial Dynamics,,,,,,
FUNDC2,Mitochondrial Dynamics,,,,,,
FXC1,Import & Sorting,,,,,,
FXN,Fe-S cluster biosynthesis,0.0548091,0.098813,-0.263093,0.455675,0.530174,-0.641426
GADD45GIP1,Translation,,,,,,
GARS,Translation,0.11178,-0.24551,-0.978363,-0.24924,-0.608611,-1.18344
GATC,Translation,-0.30545,0.235377,-1.56132,-0.90437,-0.326339,-4.19653
GBAS,Electron Transport Chain,,,,,,
GCAT,Heme Biosynthesis,,,,,,
GCDH,Fatty Acid Degradation,,,,,,
GCSH,Amino Acid Metabolism,,,,,,
GDAP1,Mitochondrial Dynamics,0.268198,0.339503,0.120969,0.888966,-0.193864,-0.38553
GFER,Apoptosis,0.00100596,-0.126005,-0.204571,0.0607219,0.133468,-0.148212
GFM1,Translation,-0.107362,-0.175064,-0.482502,-0.346822,-0.12679,-0.546623
GFM2,Translation,0.0323929,0.195854,0.0959041,-0.192996,0.382108,0.243132
GHITM,Apoptosis,,,,,,
GK,Replication & Transcription,,,,,,
GK2,Replication & Transcription,,,,,,
GLDC,Amino Acid Metabolism,,,,,,
GLRX5,ROS Defense,-0.0555311,-0.12786,-0.358363,0.263097,1.18841,0.844623
GLS,Amino Acid Metabolism,,,,,,
GLS2,Amino Acid Metabolism,,,,,,
GLUD1,Amino Acid Metabolism,,,,,,
GLUD2,Amino Acid Metabolism,,,,,,
GLUL,Amino Acid Metabolism,,,,,,
GLYAT;,Translation,,,,,,
GLYATL2,Translation,,,,,,
GLYATL3,Translation,,,,,,
GLYCTK,Fructose Metabolism,,,,,,
GOT2,Amino Acid Metabolism,-0.0913689,-0.0264384,-0.168529,-0.147349,0.520821,0.48303
GPAM,Metabolism of Lipids & Lipoproteins,,,,,,
GPAT2,Metabolism of Lipids & Lipoproteins,,,,,,
GPD1,Electron Transport Chain,,,,,,
GPD2,Electron Transport Chain,,,,,,
GPT2,Amino Acid Metabolism,,,,,,
GPX1,ROS Defense,0.0188647,9.78981e-05,0.131201,0.293393,1.4756,2.00162
GPX4,ROS Defense,0.00766671,-0.262022,-0.874947,0.389746,1.57607,1.62142
GRPEL1,Import & Sorting,-0.0675241,0.0630978,0.000136225,0.0420494,0.444952,0.312716
GRPEL2,Import & Sorting,0.0822913,-0.146874,-0.373203,-0.131251,-1.08202,0.438246
GSR,ROS Defense,-0.10684,-0.174544,-0.208855,-0.0475903,0.286305,0.350339
GSTZ1,Amino Acid Metabolism,,,,,,
GTPBP10,Translation,,,,,,
GTPBP3,Translation,-0.161315,-0.224867,-0.246589,0.0220802,-0.0468224,-0.424424
GTPBP5,Translation,,,,,,
GUF1,Translation,,,,,,
HADH,Fatty Acid Elongation,-0.0762443,-0.358583,-0.827072,0.00643165,0.317828,-0.27115
HADHA,Fatty Acid Elongation,-0.0381171,-0.16573,-0.606299,-0.293635,-0.155331,-0.304915
HADHB,Fatty Acid Elongation,-0.125165,-0.0263789,-0.537577,-0.437191,0.0324115,0.0429748
HAGH,Pyruvate Metabolism,,,,,,
HARS2,Translation,0.288131,-0.0137012,-0.35703,0.17332,-0.322342,-0.371624
HCCS,Electron Transport Chain,0.18225,0.348882,0.210245,0.224963,0.307975,0.460368
HEMK1,Translation,,,,,,
HIBADH,Amino Acid Metabolism,,,,,,
HIBCH,Amino Acid Metabolism,,,,,,
HIGD1A,Electron Transport Chain,,,,,,
HIGD2A,Electron Transport Chain,,,,,,
HINT2,Apoptosis,,,,,,
HK1,Glycolysis,0.22616,-0.628233,0.507447,-0.0842337,-0.300988,0.390841
HK2,Glycolysis,0.901911,0.531318,0.617828,-0.112274,-0.95982,-1.49034
HK3,Glycolysis,0.0,0.0,0.0,0.0,2.41912,0.0
HKDC1,Glycolysis,,,,,,
HMGCL,Amino Acid Metabolism,,,,,,
HMGCS2,Amino Acid Metabolism,,,,,,
HRSP12,Translation,,,,,,
HSCB,Fe-S cluster biosynthesis,0.244668,0.576251,0.0129311,0.392996,0.941874,0.560385
HSD17B10,Translation,-0.0699369,-0.0935882,-0.315089,0.00128666,0.845032,0.770552
HSD17B4,Bile Acid Synthesis,,,,,,
HSD17B8,Fatty Acid Biosynthesis,,,,,,
HSD17B8,Metabolism of Vitamins & Co-Factors,,,,,,
HSD3B1,Metabolism of Lipids & Lipoproteins,,,,,,
HSD3B2,Metabolism of Lipids & Lipoproteins,,,,,,
HSPA1B,Apoptosis,,,,,,
HSPA9,Import & Sorting,-0.00866489,-0.0408929,-0.0337128,-0.22754,-0.34287,-0.320773
HSPD1,Import & Sorting,,,,,,
HSPE1,Import & Sorting,,,,,,
HTRA2,Apoptosis,0.0410883,-0.145644,-0.372066,0.0791623,0.0711294,-0.487675
IARS2,Translation,-0.050489,-0.148474,-0.34658,-0.0358624,0.185502,-0.229083
IBA57,Fe-S cluster biosynthesis,-0.11823,-0.296738,-0.0900021,-0.256747,-0.494755,-0.00199745
ICT1,Translation,,,,,,
IDE,Mitochondrial Signaling,,,,,,
IDH1,TCA Cycle,-0.275671,0.0779444,0.456962,-0.185657,0.319208,-0.20509
IDH2,TCA Cycle,-0.0606578,-0.642038,-0.169674,0.0395643,0.294375,0.261727
IDH3A,TCA Cycle,0.111005,0.0560133,0.148987,0.0375381,0.282425,0.0993828
IDH3B,TCA Cycle,0.270161,0.286554,0.0975122,0.130811,0.737979,0.902847
IDH3G,TCA Cycle,0.0126776,0.119506,0.232288,-0.210077,0.181006,0.153757
IMMP1L,Import & Sorting,-0.798374,-2.12343,-2.97464,-0.180098,-0.331077,-1.34072
IMMP2L,Import & Sorting,0.0110559,-0.00777638,-0.541868,0.426419,0.952747,0.0986909
IMMT,Mitochondrial Dynamics,,,,,,
ISCA1,Fe-S cluster biosynthesis,0.0467713,-0.0449394,0.519493,0.26656,0.318401,-0.634548
ISCA2,Fe-S cluster biosynthesis,0.0564464,-0.353101,0.327924,0.075555,-0.424593,-0.603904
ISCU,Fe-S cluster biosynthesis,0.171885,0.128835,0.197823,0.330825,1.31649,1.35602
IVD,Amino Acid Metabolism,,,,,,
KARS,Translation,0.0875647,0.143993,-0.277077,0.0528589,0.611263,-0.0262485
KIAA0391,Translation,-0.0371788,0.0139503,-0.0814702,-0.0634692,-0.109122,-0.108912
KIAA1279,Mitochondrial Dynamics,,,,,,
KMO,Amino Acid Metabolism,,,,,,
L2HGDH,Pyruvate Metabolism,,,,,,
LACE1,Protein Stability & Degradation,,,,,,
LACTB2,Translation,,,,,,
LARS2,Translation,0.0656428,0.332173,-0.0379031,-0.132118,-0.0874615,-0.232424
LETM1,Calcium Signaling & Transport,0.0203848,0.159406,-0.152844,-0.198045,0.101725,0.75809
LETM2,Calcium Signaling & Transport,,,,,,
LETMD1,Apoptosis,,,,,,
LIAS,Lipoic Acid Metabolism,,,,,,
LIG1,Replication & Transcription,,,,,,
LIPT1,Lipoic Acid Metabolism,,,,,,
LIPT2,Lipoic Acid Metabolism,,,,,,
LONP1,Protein Stability & Degradation,0.111734,-0.338009,-0.594409,-0.186813,-0.504146,-0.167948
LRPPRC,Translation,0.0517883,-0.0480002,-0.420685,-0.270421,-0.67852,-0.868772
LYN,Mitochondrial Signaling,,,,,,
LYPLA1,Fatty Acid Metabolism,,,,,,
LYRM4,Fe-S cluster biosynthesis,0.0646136,-0.0729916,-0.619848,0.415573,1.10653,0.433904
LYRM5,Electron Transport Chain,,,,,,
LYRM7,Electron Transport Chain,,,,,,
MACROD1,Mitochondrial Signaling,,,,,,
MALSU1,Translation,,,,,,
MAOB,Amino Acid Metabolism,,,,,,
MARC1,Nucleotide Metabolism,,,,,,
MARC2,Nucleotide Metabolism,,,,,,
MARCH5,Mitochondrial Dynamics,0.123324,0.609973,-0.0796688,-0.0703413,-0.122851,-0.918653
MARS2,Translation,-0.0497693,-0.131561,-0.609767,-0.266303,-0.316072,-0.778473
MCAT,Fatty Acid Biosynthesis,,,,,,
MCCC1,Amino Acid Metabolism,,,,,,
MCCC2,Amino Acid Metabolism,,,,,,
MCU,Calcium Signaling & Transport,0.0959535,-0.00586379,0.280868,0.0183648,-0.444248,-0.37722
MDH1,TCA Cycle,,,,,,
MDH2,TCA Cycle,-0.0241868,-0.179298,-0.448885,0.04067,0.526553,0.58149
ME1,Pyruvate Metabolism,,,,,,
ME2,Pyruvate Metabolism,,,,,,
ME3,Pyruvate Metabolism,,,,,,
MECR,Fatty Acid Elongation,,,,,,
METAP1D,Import & Sorting,,,,,,
METTL17,Translation,,,,,,
MFF,Mitochondrial Dynamics,0.147001,0.136132,0.184624,0.162325,0.477269,-0.261254
MFN1,Mitochondrial Dynamics,0.175882,0.122898,0.179275,-0.137047,-0.321775,-0.801529
MFN2,Mitochondrial Dynamics,-0.0717236,0.144936,0.328857,-0.254604,-0.252427,-0.182939
MGST1,ROS Defense,,,,,,
MIC13,Mitochondrial Dynamics,,,,,,
MIC27,Mitochondrial Dynamics,,,,,,
MICU1,Calcium Signaling & Transport,-0.0663035,-0.0164312,0.0755935,-0.0270912,0.424986,0.172569
MICU2;EFHA1 ,Calcium Signaling & Transport,,,,,,
MINOS1,Mitochondrial Dynamics,,,,,,
MIPEP,Import & Sorting,-0.0103948,0.259112,-0.844685,0.179561,0.23888,0.209495
MMADHC,Import & Sorting,,,,,,
MMADHC,Metabolism of Vitamins & Co-Factors,,,,,,
MPC1,Pyruvate Metabolism,,,,,,
MPC2,Pyruvate Metabolism,,,,,,
MPV17,ROS Defense,-0.0334556,-0.0608099,-0.0602039,0.0309458,0.804058,0.669765
MPV17L2,Translation,-0.144878,0.175732,0.254446,0.00179742,0.674949,0.293467
MRP63,Translation,,,,,,
MRPL1,Translation,-0.218862,0.209989,0.252404,-0.0978961,0.548805,0.540534
MRPL10,Translation,-0.183659,-0.0214179,-0.105733,-0.0874355,-0.0254627,-0.0116979
MRPL11,Translation,-0.00825859,0.0858538,-0.127988,0.33552,1.38188,1.12473
MRPL12,Translation,-0.0318908,-0.0705529,-0.0514831,0.0284365,0.277492,-0.229161
MRPL12,Mitochondrial Carrier,-0.0318908,-0.0705529,-0.0514831,0.0284365,0.277492,-0.229161
MRPL13,Translation,0.0706302,0.131798,0.0082886,0.222872,1.19354,0.31274
MRPL14,Translation,0.020399,0.110367,0.112354,0.277985,0.648376,-0.276653
MRPL15,Translation,0.0537402,0.0377676,-0.253708,0.27187,0.148911,-0.773952
MRPL16,Translation,0.0275354,0.0616898,0.074491,0.191289,0.531091,0.165747
MRPL17,Translation,0.0589169,0.0934641,0.309303,0.0866078,-0.251565,-0.885412
MRPL18,Translation,0.1789,0.240219,-0.0162376,0.415722,0.391729,-0.103762
MRPL19,Translation,-0.0569336,-0.0234036,-0.107804,0.0423862,0.441784,0.0722837
MRPL2,Translation,-0.00555843,-0.0354894,-0.148456,0.0758455,0.115195,-0.21133
MRPL20,Translation,0.00287955,-0.0182729,-0.229848,0.308547,1.11136,0.639301
MRPL21,Translation,0.0198781,-0.121925,-0.290298,0.187912,0.661629,0.0324438
MRPL22,Translation,0.0104101,0.0707833,0.106733,0.404513,0.888941,0.298952
MRPL23,Translation,-0.149769,0.118864,-0.0141808,0.175097,1.26688,1.41499
MRPL24,Translation,0.00863924,0.0646462,-0.812416,0.200651,0.908638,0.479528
MRPL27,Translation,-0.131623,0.048352,0.303712,0.0976311,0.296064,-0.174541
MRPL28,Translation,-0.0917325,-0.131877,0.10574,0.0728102,0.438518,0.354972
MRPL3,Translation,0.0052539,0.0575208,-0.461805,0.211992,0.568034,0.0842096
MRPL30,Translation,0.0717539,-0.083812,-0.319418,0.092031,0.627255,0.000758803
MRPL32,Translation,0.0744402,0.275698,0.239105,0.347539,0.876601,0.540228
MRPL33,Translation,0.0526224,-0.0117323,-0.105651,0.532361,1.82054,2.03506
MRPL34,Translation,-0.140221,-0.217148,-0.242829,0.143318,0.363214,-0.0907136
MRPL35,Translation,-0.00646835,-0.0478436,0.0680073,0.214982,0.509313,0.17065
MRPL36,Translation,-0.068689,-0.12605,-0.156238,0.234508,0.441642,-0.331293
MRPL37,Translation,-0.0606688,-0.136896,-0.416731,0.098538,0.736619,0.35878
MRPL38,Translation,-0.0181749,0.0305654,-0.0509079,-0.0273637,0.314975,0.036671
MRPL39,Translation,0.0304584,0.180159,0.220131,0.0319545,0.193938,-0.29863
MRPL4,Translation,-0.0522367,0.0445419,-0.269365,0.0226602,0.690857,0.620524
MRPL40,Translation,-0.0801168,0.235137,0.249384,0.130438,0.521499,-0.0558358
MRPL41,Translation,-0.125135,-0.125721,0.34861,0.0278385,1.00356,0.66739
MRPL42,Translation,0.0306481,0.0401727,-0.0738025,0.247223,0.869292,0.250459
MRPL43,Translation,-0.0788085,-0.157943,-0.18238,0.00429246,0.452681,0.0766406
MRPL44,Translation,0.04816,0.287253,0.242018,0.101535,-0.277685,-0.326032
MRPL45,Translation,-0.138395,0.0388921,-0.480137,-0.060708,0.331452,-0.0733293
MRPL46,Translation,-0.0262016,-0.0446302,0.200427,-0.0788492,-0.274741,-0.564953
MRPL47,Translation,0.0764911,0.23602,-0.0526724,0.334496,0.789045,0.469073
MRPL48,Translation,-0.0875042,-0.0727951,-0.436265,0.305239,1.17757,0.62716
MRPL49,Translation,-0.0608748,0.0527524,0.269641,-0.0611168,-0.0207228,-0.392068
MRPL50,Translation,0.158314,0.0820551,0.0291602,0.203935,0.325749,-0.41473
MRPL51,Translation,-0.0599267,-0.031125,-0.191222,0.26298,1.17919,0.323693
MRPL52,Translation,-0.136164,-0.211048,-0.159717,0.278012,1.22481,1.14833
MRPL53,Translation,-0.0756523,-0.0891422,-0.244635,0.0679911,1.07683,1.18126
MRPL54,Translation,-0.0327494,0.0695102,0.194289,0.111833,0.930726,0.502966
MRPL55,Translation,-0.683836,0.363561,-0.0817929,-0.314949,1.05781,0.186755
MRPL9,Translation,-0.0857503,0.094842,0.0251595,-0.0912787,0.341401,-0.19578
MRPS10,Translation,0.0713302,-0.118355,-0.743207,0.302113,0.199715,-0.321994
MRPS11,Translation,-0.0396647,0.0930307,0.398616,0.163125,0.746442,0.476404
MRPS12,Translation,-0.0913378,0.0948429,-0.226197,0.173369,0.6037,0.161072
MRPS14,Translation,-0.148578,-0.120674,-0.245428,0.0753475,0.976168,0.597308
MRPS15,Translation,-0.0439345,-0.0304482,-0.0622124,0.13364,1.00231,0.726542
MRPS16,Translation,-0.139041,-0.225219,-0.52218,-0.00130641,0.426399,-0.176061
MRPS17,Translation,0.137756,0.254747,-0.0044201,0.492265,0.808485,0.432915
MRPS18A,Translation,-0.146017,-0.0713023,0.0103499,-0.113482,-0.189068,-0.414939
MRPS18B,Translation,-0.0523615,-0.0844103,-0.407884,0.112559,0.255013,-0.188928
MRPS18C,Translation,0.0695933,0.521229,0.713642,0.38313,1.04322,0.614619
MRPS2,Translation,-0.186047,0.180438,-0.380016,-0.0373961,0.468195,0.187452
MRPS21,Translation,-0.0787198,-0.0525727,-0.171009,0.387645,1.40036,1.18057
MRPS22,Translation,0.0192084,0.112231,0.0988926,-0.0436296,0.127491,0.345433
MRPS23,Translation,0.04768,0.174886,-0.173253,0.173484,0.409786,-0.122109
MRPS24,Translation,-0.0768499,-0.161441,-0.494116,0.177779,0.837885,0.642292
MRPS25,Translation,-0.00546505,-0.0237576,0.0124817,0.154406,0.821873,0.621784
MRPS26,Translation,-0.0287987,-0.151979,-0.326606,0.0413874,-0.250635,-0.888182
MRPS27,Translation,0.374789,0.0851055,-0.884579,-0.0411247,-0.038955,-0.661328
MRPS28,Translation,-0.00353045,-0.0790981,0.0882976,0.0791826,0.675399,0.349758
MRPS30,Translation,0.00861825,0.120321,-0.0936108,-0.146511,-0.765765,-0.898443
MRPS31,Translation,0.182905,0.469504,0.388519,0.057584,0.415868,0.211037
MRPS33,Translation,-0.00549267,-0.329546,-0.346426,0.44585,1.13167,0.680194
MRPS34,Translation,-0.125962,-0.0908026,-0.394129,0.0610975,0.700092,0.25306
MRPS35,Translation,0.0317683,0.450761,-0.0458034,0.265793,0.743893,0.218159
MRPS5,Translation,0.0770702,-0.0653878,-0.382388,-0.100006,0.0409222,0.0316186
MRPS6,Translation,0.0492605,-0.0298501,-0.589682,0.229395,0.450639,-0.462668
MRPS7,Translation,-0.0575774,0.0223284,-0.0903625,0.156711,0.962178,0.966055
MRPS9,Translation,-0.0373696,-0.188347,-0.0489961,-0.073606,-0.105519,-0.12739
MRRF,Translation,0.00426961,0.168636,-0.348579,0.118052,0.480683,0.129414
MSRA,ROS Defense,,,,,,
MSRB3,ROS Defense,,,,,,
MSTO1,Mitochondrial Dynamics,-0.0489551,0.289471,-0.346318,-0.408335,-0.052807,1.23268
MTCH1,Apoptosis,,,,,,
MTCH2,Apoptosis,,,,,,
MTERFD1,Translation,,,,,,
MTERFD2,Translation,,,,,,
MTFMT,Translation,-0.394713,-0.476169,0.235499,0.0560347,0.0598101,1.79966
MTFP1,Mitochondrial Dynamics,-0.0703013,-0.020242,-0.39619,0.00802605,-0.121804,-0.881403
MTG1,Translation,,,,,,
MTHFD1,Folate & Pterine Metabolism,,,,,,
MTHFD1L,Folate & Pterine Metabolism,,,,,,
MTHFD2,Folate & Pterine Metabolism,,,,,,
MTHFD2L,Folate & Pterine Metabolism,,,,,,
MTHFS,Folate & Pterine Metabolism,,,,,,
MTIF2,Translation,-0.112398,-0.0381164,-0.433609,0.0328647,0.134217,0.448566
MTO1,Translation,0.0101417,0.235491,0.0218674,0.131056,-0.340164,2.4851
MTOR,Mitochondrial Signaling,,,,,,
MTPAP,Translation,0.019269,-0.0397651,-0.248269,-0.0174545,-0.722973,-0.247312
MTRF1,Translation,0.0721202,0.13932,-0.513109,-0.0762051,0.0399841,1.25394
MTRF1L,Translation,0.567716,0.244803,0.357124,0.319699,0.848147,0.962827
MTX1,Import & Sorting,,,,,,
MTX2,Import & Sorting,,,,,,
MTX3,Import & Sorting,,,,,,
MUL1,Protein Stability & Degradation,,,,,,
NADKD1,Amino Acid Metabolism,,,,,,
NARS,Translation,,,,,,
NARS2,Translation,-0.0540272,-0.039262,-0.520296,0.172574,0.0924319,-0.0564222
ND1,Electron Transport Chain,,,,,,
ND2,Electron Transport Chain,,,,,,
ND3,Electron Transport Chain,,,,,,
ND4,Electron Transport Chain,,,,,,
ND4L,Electron Transport Chain,,,,,,
ND5,Electron Transport Chain,,,,,,
ND6,Electron Transport Chain,,,,,,
NDUFA1,Electron Transport Chain,0.026557,-0.145139,-0.259475,0.426174,1.78417,2.44229
NDUFA10,Electron Transport Chain,-0.0934351,-0.0901446,-0.654219,-0.0850228,0.262711,-0.203589
NDUFA11,Electron Transport Chain,-0.0490417,-0.101946,-0.235518,0.169071,1.23615,1.09059
NDUFA12,Electron Transport Chain,0.0270047,-0.0278619,-0.20243,0.619084,1.46245,1.1354
NDUFA13,Electron Transport Chain,-0.0772556,-0.22717,-0.106466,0.276659,1.2858,1.32111
NDUFA2,Electron Transport Chain,-0.0226559,-0.00184497,-0.316089,0.239588,1.3632,1.28895
NDUFA4,Electron Transport Chain,-0.0211404,0.00869374,-0.0685248,0.2148,1.62879,2.11258
NDUFA5,Electron Transport Chain,-0.0126976,-0.0385672,-0.0816285,0.300518,0.772047,0.04546
NDUFA6,Electron Transport Chain,-0.0105127,-0.173918,-0.110579,0.407748,1.06783,0.234845
NDUFA7,Electron Transport Chain,0.584726,-14.0462,1.33648,2.07219,0.743458,4.44211
NDUFA8,Electron Transport Chain,-0.0448453,-0.124033,-0.0753367,0.0335487,0.601317,0.0890675
NDUFA9,Electron Transport Chain,-0.001602,0.265507,-0.0628465,0.16525,0.894608,0.756446
NDUFAB1,Electron Transport Chain,-0.0174701,0.0558932,-0.127207,0.221917,1.14361,0.93805
NDUFAF1,Electron Transport Chain,-0.160049,0.119683,-0.0414268,0.102237,0.769165,1.53685
NDUFAF3,Electron Transport Chain,-0.269434,-0.301237,-0.0893064,-0.213555,0.567235,-0.105677
NDUFAF4,Electron Transport Chain,0.0512492,0.264399,0.0203584,0.187847,0.169972,-0.00998287
NDUFAF5,Electron Transport Chain,,,,,,
NDUFAF6,Electron Transport Chain,,,,,,
NDUFAF7,Electron Transport Chain,,,,,,
NDUFB1,Electron Transport Chain,0.0402257,-0.196818,-0.236703,0.325293,1.46457,1.49211
NDUFB10,Electron Transport Chain,-0.0221831,-0.166849,-0.381586,0.194538,1.06391,0.261556
NDUFB11,Electron Transport Chain,-0.0627161,-0.163713,-0.125124,0.21618,1.3219,1.39779
NDUFB2,Electron Transport Chain,-0.109211,0.0973869,-0.139838,0.252491,1.79712,1.99366
NDUFB3,Electron Transport Chain,0.0188762,-0.0448847,-0.0109461,0.394644,1.66875,2.1956
NDUFB4,Electron Transport Chain,-0.0253723,0.104417,-0.185749,0.351183,1.5947,0.97308
NDUFB5,Electron Transport Chain,-0.00817949,0.336728,-0.0300982,0.4154,1.73381,1.01485
NDUFB6,Electron Transport Chain,0.175635,0.0139014,-0.113092,0.420262,1.46218,1.58201
NDUFB7,Electron Transport Chain,-0.0703715,-0.175375,-0.220413,0.238881,1.22144,0.999797
NDUFB8,Electron Transport Chain,-0.0339664,-0.134749,-0.304585,0.192259,1.19514,1.29902
NDUFB9,Electron Transport Chain,0.0289462,-0.0706864,-0.348428,0.249244,1.17112,0.612806
NDUFC2,Electron Transport Chain,0.0794375,-0.0185976,0.0815017,0.363028,1.42854,1.32751
NDUFS1,Electron Transport Chain,-0.0444345,0.023043,-0.278852,-0.146744,-0.0514993,-0.283426
NDUFS2,Electron Transport Chain,-0.191181,-0.0505718,-0.0807557,-0.340588,0.0257359,0.092925
NDUFS3,Electron Transport Chain,0.00582313,-0.0177887,0.0282306,0.0730548,0.306914,0.232362
NDUFS4,Electron Transport Chain,0.0867626,0.102562,-0.155005,0.178099,0.470676,-0.0251552
NDUFS5,Electron Transport Chain,0.05028,-0.0352803,0.0609704,0.375701,1.56624,1.70021
NDUFS6,Electron Transport Chain,-0.0800538,-0.162293,-0.229968,0.379089,1.29908,0.790875
NDUFS7,Electron Transport Chain,-0.130265,-0.133017,-0.0610866,0.0111242,0.940842,0.852194
NDUFS8,Electron Transport Chain,0.0169497,-0.117589,-0.209483,0.0969044,0.894802,0.548988
NDUFV1,Electron Transport Chain,-0.0941681,-0.100818,-0.387365,-0.307786,0.391448,0.341667
NDUFV2,Electron Transport Chain,0.0143497,-0.00132257,0.305895,0.268373,1.00562,1.04402
NFS1,Fe-S cluster biosynthesis,-0.0908132,-0.0874465,-0.10964,-0.11269,0.454535,0.463679
NFU1,Fe-S cluster biosynthesis,0.0286694,-0.018561,0.0694686,0.171714,0.227002,-0.205952
NIF3L1,Replication & Transcription,,,,,,
NIPSNAP1,Electron Transport Chain,,,,,,
NIT1,Amino Acid Metabolism,,,,,,
NIT2,Amino Acid Metabolism,,,,,,
NLN,Protein Stability & Degradation,,,,,,
NME6,Nucleotide Metabolism,-0.0139303,0.0838761,-0.0964259,-0.0166594,-0.424031,-0.641781
NOA1,Translation,,,,,,
NRD1,Mitochondrial Signaling,,,,,,
NSUN3,Translation,,,,,,
NSUN4,Translation,,,,,,
NTHL1,Replication & Transcription,-0.204728,-0.256549,-0.593795,-0.135577,0.167966,-0.30624
NUBPL,Electron Transport Chain,0.0587498,-0.304549,-0.991384,0.0925007,-0.0645039,-0.460119
NUDT19,Metabolism of Lipids & Lipoproteins,,,,,,
NUDT2,ROS Defense,,,,,,
NUDT6,Apoptosis,,,,,,
NUDT9,Nucleotide Metabolism,,,,,,
OAT,Amino Acid Metabolism,,,,,,
OGDH,TCA Cycle,-0.243503,-0.229075,0.267126,-0.451056,-0.825443,-0.882134
OGDHL,TCA Cycle,,,,,,
OGG1,ROS Defense,0.132228,-0.457795,-0.300433,0.0879665,-0.281184,0.605468
OPA1,Mitochondrial Dynamics,-0.0680741,-0.130451,-0.340813,-0.238294,-0.192241,-0.608879
OPA3,Metabolism of Lipids & Lipoproteins,0.0594083,0.140316,0.206434,-0.00232233,-0.07499,0.0177366
OSGEPL1,Translation,-0.0963151,0.0624769,-1.34888,0.310363,0.288854,-0.37801
OXA1L,Electron Transport Chain,-0.117999,-0.18874,-0.663599,-0.185922,0.0501925,-0.788279
OXCT1,Amino Acid Metabolism,,,,,,
OXCT2,Amino Acid Metabolism,,,,,,
OXR1,ROS Defense,,,,,,
OXSM,Fatty Acid Biosynthesis,,,,,,
Opa3 like,Metabolism of Lipids & Lipoproteins,,,,,,
P4HA1,Amino Acid Metabolism,,,,,,
PACRG,Apoptosis,,,,,,
PAM16,Import & Sorting,-0.0966231,-0.0734663,-0.170149,0.209749,1.32553,0.72161
PANK2,Metabolism of Vitamins & Co-Factors,,,,,,
PARK2,Protein Stability & Degradation,0.0,0.0,0.891459,-0.0364771,-0.524655,6.81792
PARK7,ROS Defense,,,,,,
PARL,Apoptosis,0.0565481,0.165804,-0.162644,0.401582,0.932278,0.53765
PARS2,Translation,-0.143114,-0.369251,-0.520063,-0.207494,-1.16664,-1.37771
PC,Amino Acid Metabolism,,,,,,
PCBD2,Amino Acid Metabolism,,,,,,
PCCA,Amino Acid Metabolism,,,,,,
PCK2,Pyruvate Metabolism,,,,,,
PDE12,Translation,,,,,,
PDHA1,Pyruvate Metabolism,0.029401,-0.193847,-0.40619,-0.0960782,0.0148927,-0.426765
PDHA2,Pyruvate Metabolism,0.0,0.0,0.0,0.0,0.0,0.0
PDHB,Pyruvate Metabolism,0.0647517,-0.0444648,-0.0210342,0.0243017,0.143278,-0.715933
PDK1,Pyruvate Metabolism,,,,,,
PDK2,Pyruvate Metabolism,,,,,,
PDK3,Pyruvate Metabolism,,,,,,
PDK4,Pyruvate Metabolism,,,,,,
PDP1,Pyruvate Metabolism,,,,,,
PDP2,Pyruvate Metabolism,,,,,,
PDPR,Pyruvate Metabolism,,,,,,
PDSS1,Ubiquinone Biosynthesis,,,,,,
PDSS2,Ubiquinone Biosynthesis,,,,,,
PET112,Translation,0.0474477,-0.240621,-0.384644,-0.12827,0.345658,-0.672677
PET117,Electron Transport Chain,,,,,,
PGAM5,Mitochondrial Dynamics,,,,,,
PGS1,Cardiolipin Biosynthesis,-0.122122,0.273576,0.0550651,-0.35879,-0.224848,-0.226661
PHB,Replication & Transcription,0.0119403,0.189176,-0.167778,0.00366604,0.951109,0.726124
PHB2,Mitochondrial Dynamics,0.00622741,-0.0619623,-0.124674,0.0131801,0.970479,0.819128
PIN4,Translation,,,,,,
PINK1,Mitochondrial Dynamics,-0.107618,-0.471008,-0.56472,-0.221682,-0.216431,-0.688429
PISD,Metabolism of Lipids & Lipoproteins,,,,,,
PITRM1,Protein Stability & Degradation,,,,,,
PLD6,Cardiolipin Biosynthesis,0.118509,0.583516,-1.17551,-0.0968037,0.137358,0.700757
PMPCA,Import & Sorting,-0.0500263,-0.158807,-0.551015,-0.172547,0.105976,-0.309016
PMPCB,Electron Transport Chain,-0.080675,-0.176457,-0.537724,-0.140094,-0.133215,-0.896053
PNKD,Translation,,,,,,
PNPT1,Translation,,,,,,
POLG,Replication & Transcription,0.23373,0.640255,0.16091,-0.186636,-0.115304,-1.1283
POLG2,Replication & Transcription,-0.0635233,0.178862,-0.290682,0.042187,0.373399,3.5865
POLRMT,Replication & Transcription,0.100964,0.29523,-0.111325,-0.337749,-0.0305418,0.253482
PPA2,Translation,,,,,,
PPIF,Calcium Signaling & Transport,0.00672461,0.170123,-0.134422,-0.0448536,0.0646396,0.380205
PPOX,Heme Biosynthesis,-0.106046,-0.230898,-0.620831,-0.122941,-0.370999,-0.248854
PPTC7,TCA Cycle,,,,,,
PRDX1,ROS Defense,,,,,,
PRDX2,ROS Defense,,,,,,
PRDX3,ROS Defense,-0.105397,-0.100782,-0.454436,0.0252251,1.08489,1.00892
PRDX4,ROS Defense,,,,,,
PRDX5,ROS Defense,,,,,,
PRELID1,Apoptosis,,,,,,
PRODH,Amino Acid Metabolism,,,,,,
PRODH2,Amino Acid Metabolism,,,,,,
PSTK,Translation,,,,,,
PTCD1,Translation,,,,,,
PTCD3,Translation,0.0598115,-0.0140834,-0.185026,-0.321154,-0.232695,-0.550008
PTPMT1,Metabolism of Lipids & Lipoproteins,-0.0911263,-0.212034,-0.294861,0.107104,0.744883,0.078763
PTRH2,Translation,,,,,,
PUS1,Translation,0.0199673,0.00509777,-0.467642,-0.0803648,-0.291475,-0.534764
PUSL1,Translation,,,,,,
PYCR1,Amino Acid Metabolism,,,,,,
PYCR2,Amino Acid Metabolism,,,,,,
QARS,Translation,,,,,,
QDPR,Amino Acid Metabolism,,,,,,
QRSL1,Translation,0.0952185,0.302332,0.0107045,0.00509878,0.154789,-0.700279
QTRT1,Translation,-0.0393659,0.0334984,-0.624237,-0.394836,0.544459,-0.018613
RAD51,Replication & Transcription,,,,,,
RARS,Translation,,,,,,
RARS2,Translation,-0.11164,0.126502,-0.148993,0.0889282,0.87407,0.274752
RBFA,Translation,,,,,,
REXO2,Translation,,,,,,
RFK,Metabolism of Vitamins & Co-Factors,,,,,,
RHOT1,Mitochondrial Signaling,-0.377337,0.0185845,-0.303316,-0.332876,-0.483697,-0.534196
RHOT2,Mitochondrial Signaling,-0.03396,0.0726591,-0.165872,0.0342483,0.0944756,0.19756
RMND1,Translation,,,,,,
RNF185,Protein Stability & Degradation,,,,,,
RNF5,Protein Stability & Degradation,,,,,,
RNMTL1,Translation,,,,,,
ROMO1,ROS Defense,,,,,,
RPS6KB1,Apoptosis,,,,,,
RPUSD4,Translation,-0.0756438,-0.0271377,-0.799155,-0.275684,-0.182275,-0.941739
RTN4IP1,Electron Transport Chain,,,,,,
SAMM50,Import & Sorting,-0.0601941,-0.234097,-0.234033,0.00345265,0.161366,-0.606787
SARDH,Metabolism of Lipids & Lipoproteins,,,,,,
SARS,Translation,,,,,,
SARS2,Translation,-0.343558,-0.0382655,-0.118825,-0.277926,-0.522258,-0.428893
SCCPDH,Amino Acid Metabolism,,,,,,
SCO1,Electron Transport Chain,0.032867,0.307243,-0.0745541,0.0927057,0.0399029,-0.191033
SCO2,Electron Transport Chain,0.0545577,0.304784,-0.174934,-0.085615,-0.170134,-0.870519
SCP2,Bile Acid Synthesis,,,,,,
SDHA,Electron Transport Chain,-0.0445452,-0.103931,-0.114342,-0.138241,-0.345927,-0.580685
SDHAF2,Electron Transport Chain,-0.076828,-0.082664,-0.0505136,0.259514,0.114584,0.0491733
SDHAF3,Electron Transport Chain,,,,,,
SDHAF4,Electron Transport Chain,,,,,,
SDHB,Electron Transport Chain,0.0332375,-0.0491926,-0.133183,0.183518,0.990927,1.06562
SDHC,Electron Transport Chain,-0.0561047,-0.104557,0.0724079,0.171976,1.31658,1.22396
SDHD,Electron Transport Chain,-0.0544159,-0.0327669,-0.180907,0.117022,0.619743,0.0414367
SFXN1,Import & Sorting,,,,,,
SFXN2,Import & Sorting,,,,,,
SFXN3,Import & Sorting,,,,,,
SFXN5,Import & Sorting,,,,,,
SHC1,Mitochondrial Signaling,0.0330161,0.369225,0.435462,0.0358672,0.619366,0.832722
SHMT1,Folate & Pterine Metabolism,,,,,,
SHMT2,Folate & Pterine Metabolism,,,,,,
SIRT1,Mitochondrial Signaling,,,,,,
SIRT4,Mitochondrial Signaling,,,,,,
SLC22A4,Mitochondrial Carrier,,,,,,
SLC25A1,Mitochondrial Carrier,-0.167164,-0.379721,0.0293198,-0.0904772,0.465051,-0.0289805
SLC25A10,Mitochondrial Carrier,,,,,,
SLC25A11,Mitochondrial Carrier,,,,,,
SLC25A12,Calcium Signaling & Transport,,,,,,
SLC25A13,Calcium Signaling & Transport,,,,,,
SLC25A14,Mitochondrial Carrier,,,,,,
SLC25A15,Mitochondrial Carrier,,,,,,
SLC25A16,Mitochondrial Carrier,,,,,,
SLC25A18,Mitochondrial Carrier,,,,,,
SLC25A19,Mitochondrial Carrier,0.134092,-0.0649841,-0.438481,0.105438,0.139351,0.176131
SLC25A19,Fatty Acid Biosynthesis,0.134092,-0.0649841,-0.438481,0.105438,0.139351,0.176131
SLC25A2,Mitochondrial Carrier,,,,,,
SLC25A20,Fatty Acid Metabolism,-0.0100577,-0.381541,0.100165,-1.62492e-05,0.248827,0.373908
SLC25A21,Mitochondrial Carrier,,,,,,
SLC25A22,Mitochondrial Carrier,,,,,,
SLC25A23,Mitochondrial Carrier,,,,,,
SLC25A24,Mitochondrial Carrier,,,,,,
SLC25A25,Mitochondrial Carrier,,,,,,
SLC25A26,Mitochondrial Carrier,,,,,,
SLC25A27,Mitochondrial Carrier,,,,,,
SLC25A28,Fe-S cluster biosynthesis,0.154776,1.73682,0.919524,0.0206415,-0.190968,-0.433052
SLC25A29,Mitochondrial Carrier,,,,,,
SLC25A3,Mitochondrial Carrier,0.00522537,-0.247235,-0.890641,0.00445019,0.303597,-0.0562318
SLC25A30,Mitochondrial Carrier,,,,,,
SLC25A31,Mitochondrial Dynamics,,,,,,
SLC25A32,Folate & Pterine Metabolism,,,,,,
SLC25A33,Mitochondrial Carrier,0.231532,0.317641,-0.176451,0.501368,0.756694,1.27475
SLC25A34,Mitochondrial Carrier,,,,,,
SLC25A35,Mitochondrial Carrier,,,,,,
SLC25A36,Mitochondrial Carrier,,,,,,
SLC25A37,Fe-S cluster biosynthesis,0.28245,0.471758,0.580986,0.220904,0.793743,1.17987
SLC25A39,Mitochondrial Carrier,,,,,,
SLC25A4,Mitochondrial Dynamics,-0.147112,-0.167857,-0.045213,0.0505248,0.0895038,-0.70054
SLC25A40,Mitochondrial Carrier,,,,,,
SLC25A41,Mitochondrial Carrier,,,,,,
SLC25A42,Mitochondrial Carrier,,,,,,
SLC25A44,Mitochondrial Carrier,,,,,,
SLC25A45,Mitochondrial Carrier,,,,,,
SLC25A46,Mitochondrial Dynamics,,,,,,
SLC25A47,Mitochondrial Carrier,,,,,,
SLC25A48,Mitochondrial Carrier,,,,,,
SLC25A5,Mitochondrial Dynamics,-0.0313088,-0.125372,-0.661208,-0.132739,0.228183,-0.0379189
SLC25A51,Mitochondrial Carrier,,,,,,
SLC25A52,Mitochondrial Carrier,,,,,,
SLC25A53,Mitochondrial Carrier,,,,,,
SLC25A6,Mitochondrial Dynamics,-0.112061,-0.43349,-1.56142,-0.0976059,0.268632,-0.0212701
SLC3A1,Mitochondrial Carrier,,,,,,
SLC44A1,Mitochondrial Carrier,,,,,,
SLIRP,Translation,,,,,,
SLMO1,Metabolism of Lipids & Lipoproteins,,,,,,
SLMO2,Metabolism of Lipids & Lipoproteins,,,,,,
SOD2,ROS Defense,0.891086,1.57614,1.82839,0.379042,0.828396,0.695369
SORD,Fructose Metabolism,,,,,,
SPG7,Mitochondrial Dynamics,-0.138312,-0.0266111,0.144561,-0.0983338,0.228177,1.33502
SQRDL,Amino Acid Metabolism,,,,,,
SRC,Mitochondrial Signaling,,,,,,
SSBP1,Replication & Transcription,0.0334329,0.0704532,-0.174256,0.284037,0.911653,0.0498258
STAR,Bile Acid Synthesis,,,,,,
STOML2,Calcium Signaling & Transport,-0.237487,0.0250911,0.0656629,-0.224536,0.210941,-0.412655
SUCLA2,TCA Cycle,0.022777,0.0121249,-0.173491,-0.134755,0.1754,-0.468118
SUCLG1,TCA Cycle,-0.00174457,-0.124202,-0.341633,0.00982202,0.525027,0.442403
SUCLG2,TCA Cycle,0.0805522,-0.248182,-0.398227,0.0295724,0.16667,-0.224479
SUOX,Amino Acid Metabolism,,,,,,
SUPV3L1,Replication & Transcription,,,,,,
SURF1,Electron Transport Chain,-0.110131,-0.134677,-0.135495,0.0502835,0.957516,1.10178
TACO1,Translation,0.0529708,0.126573,0.260379,-0.0707105,-0.0863337,-0.055804
TAMM41,Import & Sorting,,,,,,
TARS2,Translation,-0.149198,-0.0320115,0.153963,-0.289365,0.406316,0.706742
TAZ,Cardiolipin Biosynthesis,-0.0957799,-0.0445208,-0.197726,0.109178,0.209457,0.611555
TBRG4,Electron Transport Chain,,,,,,
TCAIM,Mitochondrial Dynamics,,,,,,
TEFM,Replication & Transcription,,,,,,
TFAM,Replication & Transcription,0.171634,0.253418,-0.214038,0.120713,-0.0445137,-0.371099
TFB1M,Electron Transport Chain,-0.124325,-0.0892519,0.310256,-0.116276,-1.00882,0.436105
TFB1M,Replication & Transcription,-0.124325,-0.0892519,0.310256,-0.116276,-1.00882,0.436105
TFB2M,Replication & Transcription,0.0445499,0.248077,-0.693112,0.0911345,0.511347,0.585062
THG1L,Translation,,,,,,
TIMM10,Import & Sorting,0.000974573,0.176416,-0.0483506,0.119404,0.786874,0.329994
TIMM13,Import & Sorting,-0.0102221,0.21655,-0.33171,0.178691,1.23164,0.708855
TIMM17A,Import & Sorting,-0.0223574,-0.015235,-0.010382,0.178074,0.533821,0.879262
TIMM17B,Import & Sorting,-0.0575272,-0.0206796,0.121847,0.183343,1.02643,1.19969
TIMM21,Import & Sorting,-0.00463656,-0.522424,-0.734714,0.309261,0.24657,0.385463
TIMM22,Import & Sorting,0.00738406,0.0815698,-0.0751315,-0.022465,-0.121126,-0.252091
TIMM23,Import & Sorting,0.021976,0.255671,0.0324177,0.24781,0.41871,-0.124191
TIMM29,Import & Sorting,,,,,,
TIMM44,Import & Sorting,0.0482908,-0.073413,-0.661825,0.0553303,0.118311,0.105672
TIMM50,Import & Sorting,-0.0127305,-0.0450023,-0.109073,0.195451,0.735693,0.429102
TIMM8A,Import & Sorting,0.0631888,-0.0691395,-0.815042,0.235046,0.118496,0.106166
TIMM8B,Import & Sorting,-0.0939852,-0.134654,-0.144556,0.352117,1.34499,0.846479
TIMM9,Import & Sorting,0.0131261,0.0552851,-0.370573,-0.061841,-0.109149,-0.769598
TIMMDC1,Import & Sorting,,,,,,
TK2,Replication & Transcription,0.0156007,-0.158011,0.541411,-0.220627,-0.714967,-0.523052
TMEM11,Mitochondrial Dynamics,,,,,,
TMEM173,Apoptosis,,,,,,
TMEM186,Electron Transport Chain,,,,,,
TMEM65,Calcium Signaling & Transport,,,,,,
TMEM70,Electron Transport Chain,0.161124,0.221482,0.186675,0.318844,0.0262273,-0.0959513
TOMM20,Import & Sorting,-0.0018592,-0.0116191,-0.794875,-0.0754695,0.401749,0.166892
TOMM20L,Import & Sorting,,,,,,
TOMM22,Import & Sorting,-0.0254286,0.0475175,-0.320146,0.263441,1.01822,0.688754
TOMM34,Import & Sorting,,,,,,
TOMM40,Import & Sorting,-0.0824752,0.648237,-0.396282,0.384934,1.25418,0.377692
TOMM40L,Import & Sorting,-0.0843218,0.236007,1.0137,-0.158472,0.195621,-0.377352
TOMM7,Import & Sorting,0.00695018,-0.00198618,-0.7615,0.455507,1.85241,2.27988
TOMM70A,Import & Sorting,0.0226527,-0.107425,-0.121441,-0.0352361,-0.425757,-0.140833
TOP1MT,Replication & Transcription,0.243877,-0.0487596,-1.09087,0.12975,0.488118,-0.0226895
TOP3A,Replication & Transcription,0.106153,0.0993644,-0.340788,-0.00927142,-0.0231239,0.49203
TRAK1,Mitochondrial Dynamics,-0.00899629,-0.0671925,0.292075,-0.0941973,-0.225997,-0.637447
TRAK2,Mitochondrial Dynamics,-0.0165992,-0.0112986,0.320512,0.0803258,0.110246,-0.497698
TRAP1,Apoptosis,-0.0199356,-0.00881606,-0.451966,-0.312961,-0.00805503,-0.183385
TRIAP1,Apoptosis,,,,,,
TRIT1,Translation,-0.290505,0.411959,-0.322014,-0.0341912,0.0620306,-0.554348
TRMT10C,Translation,0.0173906,0.149037,-0.00496867,0.339412,0.746753,0.590512
TRMT5,Translation,-0.0811099,-0.00537003,-0.346809,-0.170714,-0.596321,-0.561958
TRMU,Translation,-0.0215511,0.148563,0.274257,0.224492,0.336686,-0.00159285
TRNT1,Translation,-0.00828764,-0.376352,-0.159972,0.0795563,-0.318959,0.511353
TSFM,Translation,0.099851,0.0632452,-0.0925283,0.0191338,0.286494,-0.34707
TSPO,Apoptosis,,,,,,
TSTD1,Electron Transport Chain,,,,,,
TTC19,Electron Transport Chain,0.0518232,-0.0102852,-0.0957954,-0.0831202,-0.137188,-0.0997179
TUFM,Translation,-0.0772051,-0.0876968,-0.440279,-0.121792,0.610814,0.602985
TXN,ROS Defense,,,,,,
TXN2,ROS Defense,-0.0930664,-0.130755,-0.314599,0.152737,0.721216,0.54923
TXNRD1,ROS Defense,,,,,,
TXNRD2,ROS Defense,-0.141538,-0.239608,0.0258452,-0.249605,0.232135,0.345304
TYMS,Nucleotide Metabolism,,,,,,
UBA1,Protein Stability & Degradation,,,,,,
UCP1,Mitochondrial Carrier,,,,,,
UCP2,Mitochondrial Carrier,,,,,,
UCP3,Mitochondrial Carrier,,,,,,
UQCC,Electron Transport Chain,0.149655,0.232757,-0.301469,0.127735,1.26002,0.917212
UQCR10,Electron Transport Chain,-0.0895328,-0.0643061,-0.0596046,0.443196,1.65835,1.82563
UQCR11,Electron Transport Chain,-0.0861067,-0.0603663,-0.111112,0.392992,2.12167,2.66118
UQCRB,Electron Transport Chain,-0.00522888,-0.126758,-0.521143,0.428742,1.55545,1.65227
UQCRC1,Electron Transport Chain,-0.0143354,0.0171487,-0.174969,-0.137521,0.376971,0.229873
UQCRC2,Electron Transport Chain,0.00390368,-0.174405,-0.447909,-0.173501,0.0202559,-0.4676
UQCRFS1,Electron Transport Chain,-0.014668,-0.114517,-0.353644,0.099694,0.324466,-0.166372
UQCRH,Electron Transport Chain,0.00862827,-0.135057,-0.445193,0.418663,1.64586,1.86568
UQCRQ,Electron Transport Chain,0.048886,-0.11528,-0.206418,0.212724,1.25406,1.18549
UROS,Heme Biosynthesis,-0.0174361,-0.166743,-0.0060147,0.343629,1.22436,0.983209
USMG5,Electron Transport Chain,,,,,,
USP30,Mitochondrial Dynamics,,,,,,
VARS,Translation,,,,,,
VARS2,Translation,-0.0635138,0.00425285,-0.33988,-0.28946,0.38587,0.531078
VDAC1,Import & Sorting,-0.052731,-0.00854258,-0.176687,-0.0523928,0.496399,0.316858
VDAC1,Apoptosis,-0.052731,-0.00854258,-0.176687,-0.0523928,0.496399,0.316858
VDAC2,Import & Sorting,0.071224,0.146303,-0.0786691,0.0766241,0.891335,0.75189
VDAC2,Apoptosis,0.071224,0.146303,-0.0786691,0.0766241,0.891335,0.75189
VDAC3,Import & Sorting,-0.00284916,-0.146039,0.0157334,0.117454,0.229386,-0.324126
VDAC3,Apoptosis,-0.00284916,-0.146039,0.0157334,0.117454,0.229386,-0.324126
WARS2,Translation,-0.013017,-0.238214,-0.895262,0.051603,-0.446892,-1.09395
XPNPEP3,Protein Stability & Degradation,,,,,,
YARS2,Translation,0.0300397,0.19725,0.153255,-0.185318,-0.474234,-0.631267
YME1L1,Mitochondrial Dynamics,0.0783482,0.179193,-0.0544909,0.0245106,0.441349,0.540585
mTErf3,Translation,,,,,,
mTerf4,Translation,,,,,,
slc17a8,Mitochondrial Carrier,,,,,,
